               user_id                |                      email                      |          name           |  club_id  |      role       | academic_year | is_current_term 
--------------------------------------+-------------------------------------------------+-------------------------+-----------+-----------------+---------------+-----------------
 fdd26cf3-97fc-4cd4-872f-15c51dd89ec6 | aarav.chandra.ece.grad@stvincentngp.edu.in      | Aarav Chandra           | achievers | core_member     | 2024-2025     | t
 c4b413ee-4abe-452a-bd1b-61216e1f507e | aarav.joshi.mech.2023@stvincentngp.edu.in       | Aarav Joshi             | achievers | active_member   | 2024-2025     | t
 741d6125-35f5-4ac6-9b92-0a943051dafc | aarav.shah.ece.grad@stvincentngp.edu.in         | Aarav Shah              | aster     | member          | 2024-2025     | t
 0bd5466a-1c45-41cd-b2d7-d7b86362d7e9 | aarav.sheth.ece.2023@stvincentngp.edu.in        | Aarav Sheth             | ascend    | core_member     | 2024-2025     | t
 d4ef9dd5-1950-4493-9f49-505700a39c40 | aarav.tandon.csbs.2024@stvincentngp.edu.in      | Aarav Tandon            | ascend    | core_member     | 2024-2025     | t
 fe427f69-106a-4ebb-8415-c92965084246 | aarav.vyas.ece.2023@stvincentngp.edu.in         | Aarav Vyas              | artovert  | active_member   | 2024-2025     | t
 af0b9378-b328-4a3f-855e-5b32cd442a5e | aarush.raju.civil.2022@stvincentngp.edu.in      | Aarush Raju             | aster     | core_member     | 2024-2025     | t
 92e14451-1c2f-44cc-a2bf-6dc01d6f065e | aarush.roy.ece.grad@stvincentngp.edu.in         | Aarush Roy              | aster     | active_member   | 2024-2025     | t
 4045af03-9a2e-4f61-818d-d71b5dc36728 | aarush.shah.chem.grad@stvincentngp.edu.in       | Aarush Shah             | aster     | core_member     | 2024-2025     | t
 550e8400-e29b-41d4-a716-446655440031 | achievers.co-coordinator@zenith.com             | Aayushi Asole           | achievers | co_coordinator  | 2024-2025     | t
 550e8400-e29b-41d4-a716-446655440030 | achievers.coordinator@zenith.com                | Paritosh Magare         | achievers | coordinator     | 2024-2025     | t
 550e8400-e29b-41d4-a716-446655440033 | achievers.media@zenith.com                      | ACHIEVERS Media Head    | achievers | member          | 2024-2025     | t
 550e8400-e29b-41d4-a716-446655440032 | achievers.secretary@zenith.com                  | Mayur Aglawe            | achievers | secretary       | 2024-2025     | t
 52c57813-3d17-43db-ad28-11881129965b | aditya.desai.eee.2024@stvincentngp.edu.in       | Aditya Desai            | achievers | active_member   | 2024-2025     | t
 4921379b-1277-497c-8659-47e4156a5774 | aditya.goel.chem.2022@stvincentngp.edu.in       | Aditya Goel             | achievers | active_member   | 2024-2025     | t
 10ad5a9c-ce80-4e9a-9105-837fea41a321 | aditya.gupta.mech.2024@stvincentngp.edu.in      | Aditya Gupta            | ascend    | member          | 2024-2025     | t
 2446753e-56f6-4051-9ac5-43cc1bc88e81 | aditya.kumar.civil.2023@stvincentngp.edu.in     | Aditya Kumar            | achievers | member          | 2024-2025     | t
 6b552eb4-a4eb-41dd-8db1-0d80843b68ef | aditya.mukherjee.eee.grad@stvincentngp.edu.in   | Aditya Mukherjee        | artovert  | member          | 2024-2025     | t
 7bd30579-8548-4fa6-a451-d738af86c264 | aditya.venkat.eee.2024@stvincentngp.edu.in      | Aditya Venkat           | artovert  | active_member   | 2024-2025     | t
 8203d590-1c95-472d-a9a6-643d696a04e9 | aditya.yethe@zenith.edu                         | Aditya Yelne            | ascend    | outreach        | 2024-2025     | t
 550e8400-e29b-41d4-a716-446655440000 | admin@zenith.com                                | Admin User              | ascend    | member          | 2024-2025     | t
 b6ea4ca7-00f7-41ef-8ce3-b7d6c67e1b92 | advait.khanna.it.2024@stvincentngp.edu.in       | Advait Khanna           | achievers | active_member   | 2024-2025     | t
 b9fefb31-2996-4e4b-854e-6173dffdcce3 | advait.sharma.aids.2022@stvincentngp.edu.in     | Advait Sharma           | achievers | active_member   | 2024-2025     | t
 222d6cce-5115-47ec-8741-53f80b1f982d | ajit.naidu.chem.2024@stvincentngp.edu.in        | Ajit Naidu              | aster     | member          | 2024-2025     | t
 490a5350-2cce-4765-995a-fa1f0d8c61d0 | ajit.roy.ece.2024@stvincentngp.edu.in           | Ajit Roy                | artovert  | core_member     | 2024-2025     | t
 f985359b-f604-40a2-ae66-11e673ae8cc5 | akhil.bhat.cse.2022@stvincentngp.edu.in         | Akhil Bhat              | achievers | core_member     | 2024-2025     | t
 2aed1d75-95a1-49de-abd7-3f3e972b96b9 | akhil.khanna.chem.2022@stvincentngp.edu.in      | Akhil Khanna            | achievers | core_member     | 2024-2025     | t
 4c71d5d7-a700-4efe-9704-5d907e44a49f | akhil.mehta.csbs.2023@stvincentngp.edu.in       | Akhil Mehta             | achievers | active_member   | 2024-2025     | t
 1eda73be-2c3d-4a14-8e90-cd05278d45ec | amit.iyer.civil.grad@stvincentngp.edu.in        | Amit Iyer               | artovert  | active_member   | 2024-2025     | t
 e3e040e6-2b37-467b-aa92-4c4987ec74f7 | amit.kumar.ece.2022@stvincentngp.edu.in         | Amit Kumar              | artovert  | member          | 2024-2025     | t
 88820c0a-9bb1-4aa9-9398-8a1b3dd523d9 | ananya.krishna.eee.2022@stvincentngp.edu.in     | Ananya Krishna          | ascend    | member          | 2024-2025     | t
 d7274c11-d1d6-4df3-8468-188bd2e5dcbc | anika.chopra.it.2024@stvincentngp.edu.in        | Anika Chopra            | achievers | member          | 2024-2025     | t
 b4b0c30c-2b09-49a8-b70f-b6b3dce0b9e2 | anika.krishna.aids.2022@stvincentngp.edu.in     | Anika Krishna           | ascend    | core_member     | 2024-2025     | t
 8ec03e7b-8d4b-4a05-9beb-fd806ce6565c | anika.sheth.civil.2024@stvincentngp.edu.in      | Anika Sheth             | ascend    | active_member   | 2024-2025     | t
 e29a1043-e3e8-45ec-9e09-a8da48d2bb1b | anvi.joshi.ece.grad@stvincentngp.edu.in         | Anvi Joshi              | aster     | active_member   | 2024-2025     | t
 dd6a1e30-27a8-4086-9f33-f9061f2c9dce | arjun.das.ece.2022@stvincentngp.edu.in          | Arjun Das               | ascend    | active_member   | 2024-2025     | t
 fe92388c-92c7-422b-b223-35966f52e805 | arjun.das.it.grad@stvincentngp.edu.in           | Arjun Das               | artovert  | core_member     | 2024-2025     | t
 c23999a3-5baa-4cdf-9b82-2a314c20f6b9 | arjun.vyas.mech.2024@stvincentngp.edu.in        | Arjun Vyas              | artovert  | active_member   | 2024-2025     | t
 550e8400-e29b-41d4-a716-446655440043 | artovert.media@zenith.com                       | ARTOVERT Media Head     | artovert  | member          | 2024-2025     | t
 dfff0dd7-a46f-48d1-9383-43354cadae5d | aryan.ghosh.ece.grad@stvincentngp.edu.in        | Aryan Ghosh             | aster     | member          | 2024-2025     | t
 58afc09b-40d8-4774-a9e4-d0dbaf3a320f | aryan.iyer.it.2024@stvincentngp.edu.in          | Aryan Iyer              | artovert  | active_member   | 2024-2025     | t
 e86bfe25-fc93-43ff-843b-881a1e325a34 | arya.reddy.aids.2023@stvincentngp.edu.in        | Arya Reddy              | ascend    | member          | 2024-2025     | t
 cd34a14d-50bd-4385-816d-87d7dac34857 | arya.reddy.it.2023@stvincentngp.edu.in          | Arya Reddy              | ascend    | active_member   | 2024-2025     | t
 8c803a8b-a64a-4bdc-8ec4-c6f3f800f6ca | arya.shah.it.2024@stvincentngp.edu.in           | Arya Shah               | ascend    | core_member     | 2024-2025     | t
 516e7b15-c702-4e1e-9b1b-d686967605f1 | arya.sheth.csbs.grad@stvincentngp.edu.in        | Arya Sheth              | ascend    | core_member     | 2024-2025     | t
 272d5a56-b416-406c-803b-47d851843bb7 | arya.sheth.ece.grad@stvincentngp.edu.in         | Arya Sheth              | aster     | member          | 2024-2025     | t
 dbe6f91c-7526-44ea-bdfb-d38d083530f6 | arya.vyas.aids.2024@stvincentngp.edu.in         | Arya Vyas               | achievers | member          | 2024-2025     | t
 550e8400-e29b-41d4-a716-446655440011 | ascend.co-coordinator@zenith.com                | Ayush Kshirsagar        | ascend    | co_coordinator  | 2024-2025     | t
 550e8400-e29b-41d4-a716-446655440010 | ascend.coordinator@zenith.com                   | Atharva Bhede           | ascend    | coordinator     | 2024-2025     | t
 550e8400-e29b-41d4-a716-446655440013 | ascend.media@zenith.com                         | Aditya Yelne            | ascend    | member          | 2024-2025     | t
 abb68ef2-2088-4ab8-be02-da525934eb58 | asha.agarwal.eee.2022@stvincentngp.edu.in       | Asha Agarwal            | artovert  | member          | 2024-2025     | t
 550e8400-e29b-41d4-a716-446655440021 | aster.co-coordinator@zenith.com                 | Gargi Udapure           | aster     | co_coordinator  | 2024-2025     | t
 550e8400-e29b-41d4-a716-446655440020 | aster.coordinator@zenith.com                    | Radhika Salodkar        | aster     | coordinator     | 2024-2025     | t
 550e8400-e29b-41d4-a716-446655440023 | aster.media@zenith.com                          | ASTER Media Head        | aster     | member          | 2024-2025     | t
 550e8400-e29b-41d4-a716-446655440022 | aster.secretary@zenith.com                      | Sahil Shrivastava       | aster     | secretary       | 2024-2025     | t
 9ef27827-5b57-4194-84b7-d44d4fb1da57 | atharv.bhatia.it.grad@stvincentngp.edu.in       | Atharv Bhatia           | artovert  | member          | 2024-2025     | t
 de385e06-4718-4f3d-8aa5-cefd7133b79f | atharv.kumar.ece.2023@stvincentngp.edu.in       | Atharv Kumar            | artovert  | core_member     | 2024-2025     | t
 6e2de18f-0fe9-469b-a8a7-8643812030c1 | atharv.sheth.aids.2024@stvincentngp.edu.in      | Atharv Sheth            | achievers | core_member     | 2024-2025     | t
 5bac2b3a-1822-4fcf-ad7d-5c984c951b82 | avni.bhatia.csbs.grad@stvincentngp.edu.in       | Avni Bhatia             | ascend    | core_member     | 2024-2025     | t
 4bc988fd-22cc-4519-89f6-a1986d540987 | avni.bhatia.cse.2022@stvincentngp.edu.in        | Avni Bhatia             | ascend    | member          | 2024-2025     | t
 43cdce4b-f241-4620-8b56-0b7f19dfae02 | avni.krishnan.chem.2023@stvincentngp.edu.in     | Avni Krishnan           | aster     | member          | 2024-2025     | t
 d52f91db-d5be-400a-9f73-2c21de928a70 | avni.reddy.cse.2024@stvincentngp.edu.in         | Avni Reddy              | ascend    | core_member     | 2024-2025     | t
 ddcc4132-90e6-43b2-9a78-38a66502055f | ayaan.bose.ece.2022@stvincentngp.edu.in         | Ayaan Bose              | ascend    | member          | 2024-2025     | t
 a5b745da-eeb7-4ded-95fa-5036e03d3125 | ayaan.desai.aids.2023@stvincentngp.edu.in       | Ayaan Desai             | achievers | active_member   | 2024-2025     | t
 1d5b1108-eb4c-4191-ae75-751e3610d519 | ayushkshirsagar28@gmail.com                     | Ayush Kshirsagar        | ascend    | member          | 2024-2025     | t
 482a6cfa-8497-449a-bdde-c2d898a9e215 | dhruv.goyal.aids.2023@stvincentngp.edu.in       | Dhruv Goyal             | artovert  | core_member     | 2024-2025     | t
 abb6dab7-468b-4224-9c07-0c0fb0e7ec68 | dhruv.krishnan.it.2023@stvincentngp.edu.in      | Dhruv Krishnan          | achievers | member          | 2024-2025     | t
 2cb44d7b-1b38-41ee-8327-71d0b012aaa8 | dhruv.murthy.aids.2024@stvincentngp.edu.in      | Dhruv Murthy            | achievers | member          | 2024-2025     | t
 aa87dff3-2675-4615-bb63-adf657a71dbe | dhruv.reddy.mech.2022@stvincentngp.edu.in       | Dhruv Reddy             | ascend    | member          | 2024-2025     | t
 8eb5432b-f272-4745-abb5-29d0e6ddffc5 | dinesh.jain.eee.2023@stvincentngp.edu.in        | Dinesh Jain             | aster     | active_member   | 2024-2025     | t
 74c281cc-ef5b-4777-93b8-6e8bf18fafe8 | dinesh.raman.aids.2022@stvincentngp.edu.in      | Dinesh Raman            | aster     | active_member   | 2024-2025     | t
 dbb737b9-c4a1-4f95-b4cf-c0110d261a2b | disha.bose.eee.2024@stvincentngp.edu.in         | Disha Bose              | artovert  | member          | 2024-2025     | t
 06f6aac9-cfe1-411b-8dd9-5cb7b53623b4 | disha.kumar.ece.2023@stvincentngp.edu.in        | Disha Kumar             | achievers | member          | 2024-2025     | t
 c4e85bd7-fa6b-43a2-9468-e8ff6bffa769 | diya.khanna.civil.grad@stvincentngp.edu.in      | Diya Khanna             | ascend    | member          | 2024-2025     | t
 46b3f991-6149-4c70-a13f-b167fc33c57c | ganesh.raman.ece.grad@stvincentngp.edu.in       | Ganesh Raman            | ascend    | member          | 2024-2025     | t
 d9c73a2e-5fa7-4576-bec2-08e68f1e87fe | ganesh.reddy.eee.2024@stvincentngp.edu.in       | Ganesh Reddy            | ascend    | active_member   | 2024-2025     | t
 05604503-802f-4e79-95c2-4ac3b61f4082 | ganesh.shah.csbs.2023@stvincentngp.edu.in       | Ganesh Shah             | ascend    | active_member   | 2024-2025     | t
 618b2f5b-a891-4acb-9e0f-4de13a7a854e | geeta.jain.chem.2022@stvincentngp.edu.in        | Geeta Jain              | aster     | active_member   | 2024-2025     | t
 e83382d5-f7c2-4900-bd22-44603b4294f1 | geeta.sethi.chem.2024@stvincentngp.edu.in       | Geeta Sethi             | achievers | core_member     | 2024-2025     | t
 4112c950-6b4a-4a39-ae53-58734ba0675b | geeta.sharma.mech.grad@stvincentngp.edu.in      | Geeta Sharma            | artovert  | core_member     | 2024-2025     | t
 0a93b5e6-05ea-4730-a7bc-e04553d8e238 | hitesh.bansal.eee.2023@stvincentngp.edu.in      | Hitesh Bansal           | ascend    | member          | 2024-2025     | t
 08f4f5d4-d28f-403c-8225-15576e2fb692 | hitesh.murthy.cse.grad@stvincentngp.edu.in      | Hitesh Murthy           | artovert  | active_member   | 2024-2025     | t
 da9f3e59-cbd1-4ea8-bb78-3ce6778355ae | hitesh.sarkar.aids.2024@stvincentngp.edu.in     | Hitesh Sarkar           | aster     | core_member     | 2024-2025     | t
 f34ba402-f733-4977-832d-c3cdc54284ae | hitesh.singhal.chem.2023@stvincentngp.edu.in    | Hitesh Singhal          | achievers | core_member     | 2024-2025     | t
 345cca51-12d4-4f99-b21e-573c0bab2d17 | hitesh.sundaram.aids.2024@stvincentngp.edu.in   | Hitesh Sundaram         | aster     | core_member     | 2024-2025     | t
 d542af11-6ee7-4957-b7fa-159aa92d4032 | ira.gupta.cse.2022@stvincentngp.edu.in          | Ira Gupta               | achievers | core_member     | 2024-2025     | t
 9a3c9858-3cae-4b70-a5a8-08226eedd98b | ira.khanna.it.grad@stvincentngp.edu.in          | Ira Khanna              | ascend    | core_member     | 2024-2025     | t
 717269a6-7bb1-4d2f-826d-606f6e12e05a | ira.raju.mech.2023@stvincentngp.edu.in          | Ira Raju                | artovert  | member          | 2024-2025     | t
 953a6590-9470-4ac2-83a4-81f802dc5602 | ira.raman.eee.2024@stvincentngp.edu.in          | Ira Raman               | aster     | member          | 2024-2025     | t
 af142fab-4ebc-4e45-9d6e-c6c17eda1f9d | ira.sarkar.eee.2024@stvincentngp.edu.in         | Ira Sarkar              | aster     | active_member   | 2024-2025     | t
 969afff3-53d6-4b16-abeb-55235a93f793 | ira.sen.ece.grad@stvincentngp.edu.in            | Ira Sen                 | ascend    | active_member   | 2024-2025     | t
 b18312b8-7028-4741-8ba7-58f913e6900b | ira.venkat.ece.2024@stvincentngp.edu.in         | Ira Venkat              | achievers | active_member   | 2024-2025     | t
 fcea31b5-b267-45e7-a65b-760c59071eb5 | ishaan.murthy.mech.2023@stvincentngp.edu.in     | Ishaan Murthy           | achievers | active_member   | 2024-2025     | t
 5dc48f23-1a50-4da0-a265-37f4a9433a38 | ishika.krishnan.mech.grad@stvincentngp.edu.in   | Ishika Krishnan         | ascend    | core_member     | 2024-2025     | t
 15671ce3-a7fc-42a4-95a9-12ea19f90072 | ishika.sharma.civil.2023@stvincentngp.edu.in    | Ishika Sharma           | achievers | member          | 2024-2025     | t
 6772e011-3e4a-4b0b-8e18-45b986942b9c | ishika.vyas.csbs.2024@stvincentngp.edu.in       | Ishika Vyas             | ascend    | core_member     | 2024-2025     | t
 cf5934f8-e041-4dbd-bda1-c7a4532ee468 | jignesh.krishnan.csbs.2024@stvincentngp.edu.in  | Jignesh Krishnan        | achievers | core_member     | 2024-2025     | t
 9cc2a1df-712a-4c51-9b28-0e5c2e25c0a6 | jignesh.murthy.csbs.2023@stvincentngp.edu.in    | Jignesh Murthy          | ascend    | core_member     | 2024-2025     | t
 af5a33e1-43cb-4e32-b120-4c53bba19b1e | jignesh.prasad.chem.2023@stvincentngp.edu.in    | Jignesh Prasad          | artovert  | member          | 2024-2025     | t
 3dfb448a-f5c3-4002-bb33-1d104fd20ee3 | kairav.goyal.cse.2022@stvincentngp.edu.in       | Kairav Goyal            | achievers | active_member   | 2024-2025     | t
 88cb2af1-1193-4283-8f5f-3b1513d41999 | kairav.rao.ece.grad@stvincentngp.edu.in         | Kairav Rao              | artovert  | member          | 2024-2025     | t
 4636a0ae-4ae1-4e50-9dc4-20f1f6304096 | kairav.tandon.chem.2023@stvincentngp.edu.in     | Kairav Tandon           | achievers | member          | 2024-2025     | t
 bd382b69-c21e-4663-8429-ff3d18c86ed8 | kavya.prasad.it.2022@stvincentngp.edu.in        | Kavya Prasad            | ascend    | member          | 2024-2025     | t
 efe3b959-e009-44a4-88f9-7be30194cdb0 | kiara.patel.mech.2022@stvincentngp.edu.in       | Kiara Patel             | achievers | active_member   | 2024-2025     | t
 55254256-01ce-4d77-bf11-369466c4a024 | kiara.sarkar.cse.2023@stvincentngp.edu.in       | Kiara Sarkar            | achievers | member          | 2024-2025     | t
 5fd73003-f42f-4262-9e8d-a654843c7aba | krishna.dutta.csbs.2024@stvincentngp.edu.in     | Krishna Dutta           | artovert  | core_member     | 2024-2025     | t
 d0f7a591-91fe-45e0-82eb-eef9413f7292 | krishna.pillai.aids.2024@stvincentngp.edu.in    | Krishna Pillai          | aster     | member          | 2024-2025     | t
 16f6398a-ebe3-43a8-934f-1b32cfe2e372 | krishna.sethi.mech.2024@stvincentngp.edu.in     | Krishna Sethi           | ascend    | member          | 2024-2025     | t
 c96d90a9-60b5-4344-8173-e34895981bde | krishna.sharma.ece.2022@stvincentngp.edu.in     | Krishna Sharma          | aster     | member          | 2024-2025     | t
 550e8400-e29b-41d4-a716-446655440012 | krishnatelang22@gmail.com                       | Mohit Telang            | ascend    | secretary       | 2024-2025     | t
 6390f8d9-cb13-4e71-b183-05ef511eca27 | lalit.joshi.ece.grad@stvincentngp.edu.in        | Lalit Joshi             | aster     | member          | 2024-2025     | t
 e2115245-68b0-4784-8f4a-3fb6be8c47c1 | lalit.sundaram.civil.2023@stvincentngp.edu.in   | Lalit Sundaram          | aster     | member          | 2024-2025     | t
 62f01148-4ee0-498f-9f0f-13cc5fd47b2f | lalit.varma.csbs.2022@stvincentngp.edu.in       | Lalit Varma             | ascend    | core_member     | 2024-2025     | t
 6a52f0fb-65e4-4dea-9adb-6e6ac69a7620 | lata.krishna.chem.grad@stvincentngp.edu.in      | Lata Krishna            | aster     | active_member   | 2024-2025     | t
 0d481d32-9eaa-4f82-a570-0d6b23dd92a4 | lata.krishnan.chem.2022@stvincentngp.edu.in     | Lata Krishnan           | ascend    | core_member     | 2024-2025     | t
 948524bd-b789-420c-9131-c50d5c4dd800 | lata.mehta.aids.2022@stvincentngp.edu.in        | Lata Mehta              | ascend    | active_member   | 2024-2025     | t
 bb080cee-f5f5-4db6-a019-7d19df1d7683 | lata.menon.aids.2022@stvincentngp.edu.in        | Lata Menon              | ascend    | core_member     | 2024-2025     | t
 1196a455-a390-4cae-821b-5a0cdb299bb2 | lata.menon.eee.grad@stvincentngp.edu.in         | Lata Menon              | achievers | core_member     | 2024-2025     | t
 b5cd87ee-7913-410e-ba5e-84952bd5fe3e | lata.verma.it.2024@stvincentngp.edu.in          | Lata Verma              | ascend    | active_member   | 2024-2025     | t
 8fcc0b11-a2d9-4463-a83c-c1a1370325a6 | madhura.shende@zenith.edu                       | Madhura Shende          | achievers | mentor          | 2024-2025     | t
 43c9973d-6179-4bef-a0a9-8d6da6b7c4e2 | mahesh.bose.csbs.grad@stvincentngp.edu.in       | Mahesh Bose             | aster     | active_member   | 2024-2025     | t
 1ad19731-56d7-43f4-82f6-59c01d073270 | mahesh.venkat.aids.2023@stvincentngp.edu.in     | Mahesh Venkat           | ascend    | core_member     | 2024-2025     | t
 f793aced-67ea-4245-98bf-69d86c74d042 | mamta.banerjee.cse.2024@stvincentngp.edu.in     | Mamta Banerjee          | aster     | member          | 2024-2025     | t
 bbb4f104-2989-4356-b199-a8f48f5e0e74 | mamta.bansal.eee.2022@stvincentngp.edu.in       | Mamta Bansal            | ascend    | member          | 2024-2025     | t
 3b8ea21c-bd1d-4aae-881c-31e206f27fa4 | mamta.goyal.ece.2022@stvincentngp.edu.in        | Mamta Goyal             | aster     | member          | 2024-2025     | t
 f1afb4ed-be0f-4d69-9ea3-52238d7b61ed | mamta.sharma.mech.2023@stvincentngp.edu.in      | Mamta Sharma            | aster     | member          | 2024-2025     | t
 9a5938eb-3111-47fe-a0db-b0f22b7b910f | megha.naidu.mech.2022@stvincentngp.edu.in       | Megha Naidu             | ascend    | core_member     | 2024-2025     | t
 aabdd1dc-572e-40fd-9851-f06b8d50cf8e | megha.pandya.mech.2022@stvincentngp.edu.in      | Megha Pandya            | ascend    | active_member   | 2024-2025     | t
 baa97680-8d21-4a55-80ae-64528c842921 | megha.patel.ece.2024@stvincentngp.edu.in        | Megha Patel             | aster     | member          | 2024-2025     | t
 4155a5f3-f02e-4dbf-aa53-a3668bac3951 | mohit.bhatia.mech.grad@stvincentngp.edu.in      | Mohit Bhatia            | achievers | member          | 2024-2025     | t
 c119840c-4834-4cdb-9ee6-5484ea721b7b | mohit.goyal.it.2022@stvincentngp.edu.in         | Mohit Goyal             | ascend    | core_member     | 2024-2025     | t
 57fe9a1c-e120-48ae-8fbf-9d6637fcdec9 | mohit.jain.aids.2024@stvincentngp.edu.in        | Mohit Jain              | ascend    | core_member     | 2024-2025     | t
 4f98318c-d90a-45cc-88b4-2e4c29404669 | mohit.sen.csbs.grad@stvincentngp.edu.in         | Mohit Sen               | artovert  | member          | 2024-2025     | t
 1364b212-79f4-424c-9a02-bf30949cf209 | mohit.shah.eee.2023@stvincentngp.edu.in         | Mohit Shah              | aster     | core_member     | 2024-2025     | t
 e711111e-b1b6-4a2d-8b25-a028853c901a | mohit.sharma.civil.2023@stvincentngp.edu.in     | Mohit Sharma            | achievers | active_member   | 2024-2025     | t
 5b41f31a-49ce-407c-a59b-b1b277d08a0a | mukesh.vyas.mech.2024@stvincentngp.edu.in       | Mukesh Vyas             | aster     | member          | 2024-2025     | t
 1296b68e-ee4e-495a-8813-4277e7c0b4bb | myra.sundaram.chem.2022@stvincentngp.edu.in     | Myra Sundaram           | achievers | active_member   | 2024-2025     | t
 7da89033-5a11-4148-b1dc-16435f17b069 | naresh.bose.mech.2022@stvincentngp.edu.in       | Naresh Bose             | achievers | core_member     | 2024-2025     | t
 e86b44bd-b5fd-4b57-9b52-11aa0bc693b1 | naresh.sarkar.civil.2023@stvincentngp.edu.in    | Naresh Sarkar           | artovert  | active_member   | 2024-2025     | t
 a6cfa220-8502-464a-ab5d-ba4504e83ed9 | navya.chatterjee.chem.2022@stvincentngp.edu.in  | Navya Chatterjee        | ascend    | core_member     | 2024-2025     | t
 99c8e1ed-033d-4168-b100-561f0f787f0a | navya.rao.chem.grad@stvincentngp.edu.in         | Navya Rao               | aster     | active_member   | 2024-2025     | t
 a73c5134-712b-46c8-bd70-c6867092de3e | neha.krishna.it.2024@stvincentngp.edu.in        | Neha Krishna            | achievers | core_member     | 2024-2025     | t
 ed47dc24-65f7-4122-b3d2-10466fbed231 | neha.sheth.it.2023@stvincentngp.edu.in          | Neha Sheth              | ascend    | active_member   | 2024-2025     | t
 17a7d81f-d156-4701-86c9-b8938cd12568 | neha.verma.it.2024@stvincentngp.edu.in          | Neha Verma              | achievers | active_member   | 2024-2025     | t
 5ddbc684-0c5e-4ed4-b6dd-6267708ccb4f | nikhil.banerjee.cse.grad@stvincentngp.edu.in    | Nikhil Banerjee         | ascend    | member          | 2024-2025     | t
 babd3186-3466-4bd6-acd2-7764236a0363 | nikhil.khanna.eee.2023@stvincentngp.edu.in      | Nikhil Khanna           | ascend    | member          | 2024-2025     | t
 5b91c7ef-dd6e-4171-98fd-26e71ba7ae37 | nikhil.sethi.civil.2023@stvincentngp.edu.in     | Nikhil Sethi            | aster     | active_member   | 2024-2025     | t
 d6b49037-0637-4453-bce7-b4e24bb3217b | nisha.bansal.mech.grad@stvincentngp.edu.in      | Nisha Bansal            | ascend    | active_member   | 2024-2025     | t
 8da1a61b-848b-48ab-a09f-4aeaad47476d | nisha.chopra.aids.2024@stvincentngp.edu.in      | Nisha Chopra            | aster     | member          | 2024-2025     | t
 00ce99e7-fb36-40f6-b4eb-5641dd55a34f | nisha.goel.chem.2022@stvincentngp.edu.in        | Nisha Goel              | aster     | core_member     | 2024-2025     | t
 9f80f1d7-d873-45f0-bdf2-e9352e1abf11 | nisha.goel.eee.2023@stvincentngp.edu.in         | Nisha Goel              | aster     | core_member     | 2024-2025     | t
 c1cabec8-a494-4d1c-a8e6-f4f7367e32f0 | nisha.goyal.ece.2024@stvincentngp.edu.in        | Nisha Goyal             | ascend    | member          | 2024-2025     | t
 3d5ad263-47a6-46b8-a886-a7a9c3d2ad1c | nisha.prasad.aids.grad@stvincentngp.edu.in      | Nisha Prasad            | achievers | core_member     | 2024-2025     | t
 38d1c541-568b-4633-a90f-098df52a24fc | nisha.rao.mech.2024@stvincentngp.edu.in         | Nisha Rao               | ascend    | core_member     | 2024-2025     | t
 465356b6-39dd-44cb-91c8-b29c9a04f4b5 | nisha.singh.aids.2022@stvincentngp.edu.in       | Nisha Singh             | artovert  | member          | 2024-2025     | t
 9829bc9c-9994-43bd-91ef-9f0712186b4e | nita.desai.chem.2024@stvincentngp.edu.in        | Nita Desai              | ascend    | core_member     | 2024-2025     | t
 ade21a72-0d0e-43da-876b-ede62b9317bb | nita.iyer.ece.grad@stvincentngp.edu.in          | Nita Iyer               | ascend    | member          | 2024-2025     | t
 3220eb64-d5b0-4e74-a0d9-f5896194a989 | nita.mehta.it.2023@stvincentngp.edu.in          | Nita Mehta              | ascend    | member          | 2024-2025     | t
 f5a93605-4668-4c6a-93cc-b78f240b58c0 | nita.sharma.it.2022@stvincentngp.edu.in         | Nita Sharma             | ascend    | core_member     | 2024-2025     | t
 6f5c3141-2a96-468c-9bf0-97a48f6d8744 | pihu.chatterjee.ece.2022@stvincentngp.edu.in    | Pihu Chatterjee         | ascend    | core_member     | 2024-2025     | t
 f7de5f20-0c01-4718-8f43-e0a7458b90f1 | pihu.krishnan.chem.grad@stvincentngp.edu.in     | Pihu Krishnan           | achievers | core_member     | 2024-2025     | t
 63db6ecf-4be2-47e6-a99f-a00d0bb22b63 | pihu.menon.chem.2023@stvincentngp.edu.in        | Pihu Menon              | aster     | member          | 2024-2025     | t
 dd51c305-1fb7-4ccf-820b-341ca9050c44 | pihu.singh.it.grad@stvincentngp.edu.in          | Pihu Singh              | ascend    | core_member     | 2024-2025     | t
 caccf02e-1bd6-4c43-b3fc-952f32d82063 | prisha.dutta.mech.2023@stvincentngp.edu.in      | Prisha Dutta            | ascend    | member          | 2024-2025     | t
 bc3ed184-936a-4a5b-a729-603f224d2d92 | prisha.gupta.csbs.2022@stvincentngp.edu.in      | Prisha Gupta            | aster     | core_member     | 2024-2025     | t
 b5244502-8d12-4f93-99fc-78fb2ce6bcbc | prisha.krishna.eee.2024@stvincentngp.edu.in     | Prisha Krishna          | ascend    | member          | 2024-2025     | t
 5d112916-498f-4c55-8c73-fc204b734656 | prisha.krishnan.civil.2024@stvincentngp.edu.in  | Prisha Krishnan         | ascend    | core_member     | 2024-2025     | t
 1e5f88d6-ebd4-4ec2-ba4e-6261b1626bfe | priya.kumar.cse.grad@stvincentngp.edu.in        | Priya Kumar             | achievers | member          | 2024-2025     | t
 4512afd3-6f27-49f0-a37d-b5f05d5aef6f | priya.reddy.civil.2023@stvincentngp.edu.in      | Priya Reddy             | ascend    | member          | 2024-2025     | t
 db079ff1-55e6-4f53-bd93-f942beccb239 | priya.srinivas.cse.2024@stvincentngp.edu.in     | Priya Srinivas          | achievers | active_member   | 2024-2025     | t
 6435a57e-e910-4104-a163-b49943024b77 | radha.sundaram.aids.2023@stvincentngp.edu.in    | Radha Sundaram          | achievers | member          | 2024-2025     | t
 5a3749b1-618a-4314-b6ab-74d534f568e2 | radha.tadas@zenith.edu                          | Radha Tadas             | artovert  | event_incharge  | 2024-2025     | t
 927d12b3-267a-4d40-8ed8-80f29761add7 | radha.vyas.civil.grad@stvincentngp.edu.in       | Radha Vyas              | ascend    | core_member     | 2024-2025     | t
 0f202db3-6443-49f0-a9c8-e8fdd79bde5b | rajesh.chopra.cse.2022@stvincentngp.edu.in      | Rajesh Chopra           | ascend    | active_member   | 2024-2025     | t
 0ea91a60-6a08-437f-a089-4b33dbba9f8c | rajesh.dutta.csbs.grad@stvincentngp.edu.in      | Rajesh Dutta            | artovert  | member          | 2024-2025     | t
 17aa0235-9867-440a-8d6f-a82d1db8b11c | rajesh.singh.csbs.grad@stvincentngp.edu.in      | Rajesh Singh            | ascend    | active_member   | 2024-2025     | t
 b494b968-3d04-434e-914c-c83a998df7d8 | rajesh.tandon.it.grad@stvincentngp.edu.in       | Rajesh Tandon           | artovert  | core_member     | 2024-2025     | t
 0a4a5eb1-afa7-4285-9fef-3b57b937103d | ramesh.dutta.csbs.2022@stvincentngp.edu.in      | Ramesh Dutta            | achievers | active_member   | 2024-2025     | t
 fdaf03b4-1497-425a-9146-3a76f1029ed4 | ramesh.goyal.mech.2024@stvincentngp.edu.in      | Ramesh Goyal            | achievers | active_member   | 2024-2025     | t
 2a170eb4-eef2-4936-bd8f-8ef6fed7499d | ramesh.sen.civil.grad@stvincentngp.edu.in       | Ramesh Sen              | achievers | core_member     | 2024-2025     | t
 4f1b4c11-f53c-4049-9106-19ff7d460d76 | ramesh.srinivas.aids.2023@stvincentngp.edu.in   | Ramesh Srinivas         | aster     | member          | 2024-2025     | t
 93cb9411-e541-420f-954b-2e35740fb479 | ramesh.venkat.civil.2024@stvincentngp.edu.in    | Ramesh Venkat           | achievers | active_member   | 2024-2025     | t
 06036f36-593e-4850-b36c-cc1d2354b78d | rekha.ghosh.ece.2022@stvincentngp.edu.in        | Rekha Ghosh             | achievers | active_member   | 2024-2025     | t
 fdc309c0-069b-49c4-bdd5-99da51b786ed | rekha.iyer.csbs.2024@stvincentngp.edu.in        | Rekha Iyer              | ascend    | core_member     | 2024-2025     | t
 3903c13a-e086-4a28-9336-11a5e2af9ef7 | reyansh.bansal.it.2024@stvincentngp.edu.in      | Reyansh Bansal          | artovert  | active_member   | 2024-2025     | t
 7a7cf0db-2270-41d5-9eff-7ce114b2c9f7 | reyansh.khanna.cse.2024@stvincentngp.edu.in     | Reyansh Khanna          | artovert  | active_member   | 2024-2025     | t
 dccdc2a1-502b-4bc7-80fb-6794c8760225 | rita.bhat.chem.2023@stvincentngp.edu.in         | Rita Bhat               | ascend    | member          | 2024-2025     | t
 96c936f6-ff6e-4c92-808f-fbf95767b527 | rita.mukherjee.aids.grad@stvincentngp.edu.in    | Rita Mukherjee          | achievers | core_member     | 2024-2025     | t
 2300b5d3-beda-4fee-912c-3b6674025dc2 | rita.sundaram.csbs.grad@stvincentngp.edu.in     | Rita Sundaram           | achievers | member          | 2024-2025     | t
 0f902ef2-afbf-4d25-b4bb-5fe8c66fc2c6 | rita.varma.aids.grad@stvincentngp.edu.in        | Rita Varma              | ascend    | core_member     | 2024-2025     | t
 1de62976-1c2e-4a1c-96bd-bb8ff8a9306a | riya.chandra.it.grad@stvincentngp.edu.in        | Riya Chandra            | achievers | core_member     | 2024-2025     | t
 63316bd1-57f9-463b-9ede-4e4a3d9f6ebc | riya.desai.it.2023@stvincentngp.edu.in          | Riya Desai              | ascend    | member          | 2024-2025     | t
 42926f16-66a7-4773-bc41-e7f45a8ac247 | riya.joshi.mech.2024@stvincentngp.edu.in        | Riya Joshi              | achievers | active_member   | 2024-2025     | t
 5fa319e5-cdcc-4ac5-b90a-54a78ef99efc | riya.menon.cse.2023@stvincentngp.edu.in         | Riya Menon              | artovert  | core_member     | 2024-2025     | t
 f64d0be6-ffad-49ac-a8b2-b50d43f42dd3 | riya.mukherjee.it.2022@stvincentngp.edu.in      | Riya Mukherjee          | achievers | core_member     | 2024-2025     | t
 d4b64602-ff9c-4009-82e6-deba3a87de52 | riya.naidu.civil.2022@stvincentngp.edu.in       | Riya Naidu              | achievers | core_member     | 2024-2025     | t
 7b927dfb-7e4a-40b3-b9d6-f0690d5939b3 | riya.nair.chem.2022@stvincentngp.edu.in         | Riya Nair               | achievers | member          | 2024-2025     | t
 14c2825e-09bf-4451-a465-c95ae4284a6a | riya.singh.chem.2024@stvincentngp.edu.in        | Riya Singh              | achievers | member          | 2024-2025     | t
 133a61a7-a20d-465a-af20-26fd2544e1d0 | rohit.chopra.chem.2024@stvincentngp.edu.in      | Rohit Chopra            | ascend    | member          | 2024-2025     | t
 d57f7718-1b5f-4889-97a3-76a96a238540 | rohit.dutta.civil.2024@stvincentngp.edu.in      | Rohit Dutta             | aster     | active_member   | 2024-2025     | t
 066bd297-28e7-4157-b4e2-25e64bd3834c | rohit.murthy.cse.grad@stvincentngp.edu.in       | Rohit Murthy            | achievers | member          | 2024-2025     | t
 61ee5d21-3847-45fb-b8e7-b5f5579dbfee | rohit.sharma.mech.2024@stvincentngp.edu.in      | Rohit Sharma            | ascend    | core_member     | 2024-2025     | t
 4a526572-d81e-4634-94c2-2ea5ae5d75be | rohit.singh.cse.2023@stvincentngp.edu.in        | Rohit Singh             | ascend    | active_member   | 2024-2025     | t
 739d8de7-e9fc-441d-a96e-ad37421098da | rudra.joshi.it.2024@stvincentngp.edu.in         | Rudra Joshi             | aster     | core_member     | 2024-2025     | t
 234f4ab1-3cc5-45ae-b57b-f508cae2230e | rudra.malhotra.it.2024@stvincentngp.edu.in      | Rudra Malhotra          | artovert  | member          | 2024-2025     | t
 3c0310f4-0e98-4a8b-823e-32a128b1188e | rudra.nair.civil.2023@stvincentngp.edu.in       | Rudra Nair              | achievers | active_member   | 2024-2025     | t
 ea58727b-8c98-4cfe-ab9b-ef43e3622a27 | rudra.shah.ece.2022@stvincentngp.edu.in         | Rudra Shah              | ascend    | member          | 2024-2025     | t
 ea39f055-7cf4-4837-b82f-8a36d6c8f7a6 | sachin.mehta.civil.2024@stvincentngp.edu.in     | Sachin Mehta            | achievers | active_member   | 2024-2025     | t
 f6ff25db-9d05-4145-b0bf-eb0a9f403119 | sachin.prasad.cse.grad@stvincentngp.edu.in      | Sachin Prasad           | artovert  | active_member   | 2024-2025     | t
 7956e013-49c1-4938-923e-03982507f939 | sachin.raju.eee.grad@stvincentngp.edu.in        | Sachin Raju             | ascend    | active_member   | 2024-2025     | t
 588e7c5d-3fdf-4c3f-b498-9455c6c9956d | sachin.raju.mech.2023@stvincentngp.edu.in       | Sachin Raju             | achievers | member          | 2024-2025     | t
 a0c14c4b-530b-42df-b589-cc04f1a1a468 | sachin.raman.ece.2023@stvincentngp.edu.in       | Sachin Raman            | achievers | active_member   | 2024-2025     | t
 466f3cb4-18bb-485e-827a-e5290cedd969 | samiksha.dhawas@zenith.edu                      | Samiksha Dhawas         | artovert  | event_incharge  | 2024-2025     | t
 c088cdf3-11ff-408d-b95a-1f50bb794c27 | sanjeed.kabarle@zenith.edu                      | Sanved Kabade           | artovert  | co_coordinator  | 2024-2025     | t
 747be3ea-88ed-4ac3-a6a3-bd69028c307b | sara.khanna.mech.grad@stvincentngp.edu.in       | Sara Khanna             | aster     | member          | 2024-2025     | t
 258f881a-71e5-4771-9185-c38c2a2f8c0f | sara.modi.civil.grad@stvincentngp.edu.in        | Sara Modi               | ascend    | core_member     | 2024-2025     | t
 e036f3f6-9138-48ed-b765-7f235cd26ce9 | sara.raju.civil.2024@stvincentngp.edu.in        | Sara Raju               | ascend    | member          | 2024-2025     | t
 44a99bf6-b72c-45a4-9916-068bb79c4e8d | sara.verma.mech.grad@stvincentngp.edu.in        | Sara Verma              | aster     | active_member   | 2024-2025     | t
 27b07006-e253-4fdb-a0b7-32c4ecc00550 | savita.das.cse.2024@stvincentngp.edu.in         | Savita Das              | aster     | active_member   | 2024-2025     | t
 0fa29d11-4834-47db-be7f-9d385bc5c0db | savita.kapoor.it.2022@stvincentngp.edu.in       | Savita Kapoor           | ascend    | member          | 2024-2025     | t
 e1e32e12-f57f-410d-a56e-4dcd0c3526ed | savita.khanna.ece.2023@stvincentngp.edu.in      | Savita Khanna           | aster     | core_member     | 2024-2025     | t
 2e1967b7-3996-4e17-9f07-98719fec9395 | savita.krishna.cse.grad@stvincentngp.edu.in     | Savita Krishna          | aster     | active_member   | 2024-2025     | t
 dab3aee6-6af4-4873-af15-37cadc6cf86d | savita.tandon.aids.2024@stvincentngp.edu.in     | Savita Tandon           | achievers | core_member     | 2024-2025     | t
 8fc2a9dd-3565-42d5-a65b-3f948ce046d4 | savita.venkat.civil.grad@stvincentngp.edu.in    | Savita Venkat           | artovert  | core_member     | 2024-2025     | t
 baa5e01a-03f2-4f5b-bb02-9ac1bee12a89 | savita.verma.ece.grad@stvincentngp.edu.in       | Savita Verma            | achievers | core_member     | 2024-2025     | t
 c3a2589e-dff1-40c3-a59e-ef29cf4c42df | seeta.bhatia.civil.2023@stvincentngp.edu.in     | Seeta Bhatia            | achievers | core_member     | 2024-2025     | t
 9048a0e5-4e56-4a30-bbaf-53a02b93f316 | shaurya.murthy.mech.2022@stvincentngp.edu.in    | Shaurya Murthy          | aster     | active_member   | 2024-2025     | t
 8eb864a5-a99b-4d3b-94f9-4619ed66c5e3 | shreya.borde@example.com                        | Shreya Borde            | achievers | co_coordinator  | 2024-2025     | t
 59c443c7-2e5e-41ec-96bb-0b33ca557948 | shubham.kaut@zenith.edu                         | Sharawari Raut          | aster     | co_coordinator  | 2024-2025     | t
 ba93ceb7-b456-4d81-a2a4-75391ecee51a | sneha.mehta.chem.grad@stvincentngp.edu.in       | Sneha Mehta             | achievers | active_member   | 2024-2025     | t
 e94eeb58-38be-493b-b185-de604aa0566e | sneha.sethi.chem.2023@stvincentngp.edu.in       | Sneha Sethi             | ascend    | core_member     | 2024-2025     | t
 fbbcd147-595f-4eef-b976-366acef8ff26 | sneha.sharma.civil.2023@stvincentngp.edu.in     | Sneha Sharma            | ascend    | member          | 2024-2025     | t
 550e8400-e29b-41d4-a716-446655440300 | student1.achievers@zenith.com                   | Karen White             | achievers | member          | 2024-2025     | t
 550e8400-e29b-41d4-a716-446655440400 | student1.artovert@zenith.com                    | Oliver Davis            | artovert  | member          | 2024-2025     | t
 550e8400-e29b-41d4-a716-446655440100 | student1.ascend@zenith.com                      | Alice Johnson           | ascend    | member          | 2024-2025     | t
 550e8400-e29b-41d4-a716-446655440200 | student1.aster@zenith.com                       | Frank Miller            | aster     | member          | 2024-2025     | t
 550e8400-e29b-41d4-a716-446655440301 | student2.achievers@zenith.com                   | Liam Garcia             | achievers | member          | 2024-2025     | t
 550e8400-e29b-41d4-a716-446655440401 | student2.artovert@zenith.com                    | Sophie Chen             | artovert  | member          | 2024-2025     | t
 550e8400-e29b-41d4-a716-446655440101 | student2.ascend@zenith.com                      | Bob Smith               | ascend    | member          | 2024-2025     | t
 550e8400-e29b-41d4-a716-446655440201 | student2.aster@zenith.com                       | Grace Lee               | aster     | member          | 2024-2025     | t
 550e8400-e29b-41d4-a716-446655440302 | student3.achievers@zenith.com                   | Maya Patel              | achievers | member          | 2024-2025     | t
 550e8400-e29b-41d4-a716-446655440402 | student3.artovert@zenith.com                    | David Park              | artovert  | member          | 2024-2025     | t
 550e8400-e29b-41d4-a716-446655440102 | student3.ascend@zenith.com                      | Charlie Brown           | ascend    | member          | 2024-2025     | t
 550e8400-e29b-41d4-a716-446655440202 | student3.aster@zenith.com                       | Henry Wilson            | aster     | member          | 2024-2025     | t
 e9b5e78d-e516-47c8-a5aa-501a6c34527a | sudha.malhotra.it.2022@stvincentngp.edu.in      | Sudha Malhotra          | ascend    | active_member   | 2024-2025     | t
 7d668d6b-f685-4911-a305-047d7aa56b28 | sudha.naidu.aids.grad@stvincentngp.edu.in       | Sudha Naidu             | aster     | member          | 2024-2025     | t
 8b8e18b7-96f8-486e-8e0d-e6c4d8a44fc6 | sunita.goel.mech.grad@stvincentngp.edu.in       | Sunita Goel             | aster     | core_member     | 2024-2025     | t
 8d635cd3-34fd-4c04-8a13-425cef4aea07 | sunita.jain.cse.grad@stvincentngp.edu.in        | Sunita Jain             | ascend    | member          | 2024-2025     | t
 6c504779-5a21-41bc-8130-7b5357830cb4 | sunita.raju.cse.grad@stvincentngp.edu.in        | Sunita Raju             | artovert  | core_member     | 2024-2025     | t
 41b85180-78de-4135-8b1b-d525a4612121 | sunita.srinivas.eee.grad@stvincentngp.edu.in    | Sunita Srinivas         | ascend    | active_member   | 2024-2025     | t
 256b6d4b-24dc-41c6-82ed-3ebcb991e66f | suresh.jain.cse.2024@stvincentngp.edu.in        | Suresh Jain             | ascend    | core_member     | 2024-2025     | t
 49417a0e-0f43-45fb-a5a6-cb47b5582d68 | suresh.prasad.chem.2024@stvincentngp.edu.in     | Suresh Prasad           | aster     | active_member   | 2024-2025     | t
 cf73c4fb-4ae1-4c9c-8e0c-88fc291b0d0d | tara.agarwal.aids.2024@stvincentngp.edu.in      | Tara Agarwal            | achievers | active_member   | 2024-2025     | t
 71c3fcbc-dfbc-47a6-9e63-74e85ad7d488 | tara.bhat.cse.2024@stvincentngp.edu.in          | Tara Bhat               | aster     | active_member   | 2024-2025     | t
 ecba650c-0e82-4a85-81c8-9a46c5444cc4 | tara.pandya.eee.2024@stvincentngp.edu.in        | Tara Pandya             | aster     | member          | 2024-2025     | t
 2c363200-f236-45f5-921e-30e422c0da55 | tara.roy.chem.2022@stvincentngp.edu.in          | Tara Roy                | aster     | core_member     | 2024-2025     | t
 e75ebfdc-b1e8-440c-a987-c77306ab8348 | tejasri.rinait@zenith.edu                       | Tejasi Rinait           | artovert  | coordinator     | 2024-2025     | t
 5aaf2cd5-eac6-4303-8c0c-d60e56576dc8 | test.api.1754509297076@example.com              | Test User 1754509297076 | ascend    | technical_guide | 2024-2025     | t
 cc0b35da-a560-416e-9366-00680dead616 | test.api.manual@example.com                     | Manual Test User        | ascend    | member          | 2024-2025     | t
 a758760c-468e-4185-b84c-374ec2168a4a | uday.bhoyar@example.com                         | Uday Bhoyar             | ascend    | co_coordinator  | 2024-2025     | t
 8aaa38fc-21a0-4fd4-a756-492dcb0cf9fe | usha.goyal.civil.2024@stvincentngp.edu.in       | Usha Goyal              | achievers | active_member   | 2024-2025     | t
 333586c1-3015-4219-ad23-4e4cf2264e7f | usha.murthy.civil.2023@stvincentngp.edu.in      | Usha Murthy             | achievers | core_member     | 2024-2025     | t
 79af793e-5d26-4f6d-9e53-66bbe0608925 | usha.murthy.cse.2024@stvincentngp.edu.in        | Usha Murthy             | aster     | active_member   | 2024-2025     | t
 ca6ae40f-c07f-4d11-8fda-49f4b9623cff | usha.pillai.aids.2022@stvincentngp.edu.in       | Usha Pillai             | ascend    | core_member     | 2024-2025     | t
 10c8cccc-ec4f-4e6b-87b5-6249996e0454 | usha.thakkar.cse.grad@stvincentngp.edu.in       | Usha Thakkar            | aster     | active_member   | 2024-2025     | t
 883831a7-c437-4fe4-9774-88db0103a5d1 | varun.chopra.cse.2022@stvincentngp.edu.in       | Varun Chopra            | achievers | member          | 2024-2025     | t
 bfd29cec-50f9-4f35-8c6e-ed8470556fe7 | varun.goyal.aids.2023@stvincentngp.edu.in       | Varun Goyal             | artovert  | member          | 2024-2025     | t
 96ed8413-d286-494c-9193-94c5df18c332 | varun.krishna.cse.2023@stvincentngp.edu.in      | Varun Krishna           | artovert  | active_member   | 2024-2025     | t
 1e6ee6a2-5f08-47e6-964a-9b107164bab5 | vedant.menon.csbs.2023@stvincentngp.edu.in      | Vedant Menon            | aster     | member          | 2024-2025     | t
 a1129a33-cad2-49ea-aece-910e1b9fa9f0 | vedant.menon.mech.2023@stvincentngp.edu.in      | Vedant Menon            | artovert  | member          | 2024-2025     | t
 3e6a0b6b-cdc8-4078-a7fc-0dbb57129ac6 | vedant.pillai.eee.2024@stvincentngp.edu.in      | Vedant Pillai           | artovert  | active_member   | 2024-2025     | t
 d07c1a56-6d7c-40ea-8534-fec7565d31e7 | vedant.thakkar.aids.2024@stvincentngp.edu.in    | Vedant Thakkar          | achievers | active_member   | 2024-2025     | t
 febf3dd5-655c-4e18-86a9-2abbf245cb16 | vedant.wardhana@zenith.edu                      | Vedanti Wandhare        | artovert  | secretary       | 2024-2025     | t
 516a1eee-d8f9-4283-8cfb-740c0387ca8c | vidhi.morajkar@zenith.edu                       | Vidhi Pravin Menghare   | aster     | outreach        | 2024-2025     | t
 3671347e-912b-49bf-897a-bc97e7f31916 | vihaan.chopra.it.grad@stvincentngp.edu.in       | Vihaan Chopra           | achievers | core_member     | 2024-2025     | t
 07190594-c37f-4ac0-bcfa-cb68ed30d242 | vihaan.kumar.chem.2022@stvincentngp.edu.in      | Vihaan Kumar            | achievers | active_member   | 2024-2025     | t
 3c0ceb61-764b-45a7-88de-4405d04a681d | vihaan.kumar.eee.2023@stvincentngp.edu.in       | Vihaan Kumar            | artovert  | member          | 2024-2025     | t
 c5f7f24a-2ed9-41d6-9186-ae92590ad41d | vihaan.srinivas.mech.grad@stvincentngp.edu.in   | Vihaan Srinivas         | achievers | active_member   | 2024-2025     | t
 aa548ac7-913a-47db-91bf-a3d3046754ca | vivaan.chatterjee.csbs.2024@stvincentngp.edu.in | Vivaan Chatterjee       | achievers | active_member   | 2024-2025     | t
 f42cb37d-1508-4ed0-81db-9660aea4cc64 | vivaan.shah.aids.2024@stvincentngp.edu.in       | Vivaan Shah             | ascend    | core_member     | 2024-2025     | t
 7df9bc12-44d8-456c-bf9e-4aa833aec4cd | yash.gupta.mech.2024@stvincentngp.edu.in        | Yash Gupta              | ascend    | core_member     | 2024-2025     | t
 3f925245-2286-4eae-bb5a-c3bf53c556df | yash.menon.ece.grad@stvincentngp.edu.in         | Yash Menon              | achievers | core_member     | 2024-2025     | t
 b3259e69-05e5-415e-a756-815321804f0b | yash.pandya.civil.grad@stvincentngp.edu.in      | Yash Pandya             | ascend    | core_member     | 2024-2025     | t
(283 rows)

